SNP,beta.Parkinson's disease.x,se.Parkinson's disease.x,pval.Parkinson's disease.x,beta.Parkinson<U+2019>s disease,se.Parkinson<U+2019>s disease,pval.Parkinson<U+2019>s disease,beta.Illnesses of mother: Parkinson's disease,se.Illnesses of mother: Parkinson's disease,pval.Illnesses of mother: Parkinson's disease,beta.Parkinson's disease.y,se.Parkinson's disease.y,pval.Parkinson's disease.y,beta.Parkinson's disease,se.Parkinson's disease,pval.Parkinson's disease,beta.Alzheimer's disease.x,se.Alzheimer's disease.x,pval.Alzheimer's disease.x,beta.Alzheimer's disease.y,se.Alzheimer's disease.y,pval.Alzheimer's disease.y,beta.Alzheimer's disease.x,se.Alzheimer's disease.x,pval.Alzheimer's disease.x,beta.Alzheimer's disease.y,se.Alzheimer's disease.y,pval.Alzheimer's disease.y
rs10451230,0.0806579,0.0409226,0.0502701,-0.096,0.0175,4.42395e-08,-0.000762057,0.000279809,0.00649995,0.00702579,0.00363714,0.9429,-0.0622,0.0517,0.2291,0.0720332,0.0717264,0.225777,-0.0058,0.0158,0.7112,NA,NA,NA,-0.0199,0.0377,0.598401
rs10498633,-0.0778865,0.048795,0.1127,0.0069,0.0239,0.7741,-0.000247262,0.000329417,0.450001,0,0.0268522,0.2192,0.0248,0.0659,0.7072,NA,NA,NA,-0.1044,0.0199,1.467e-07,-0.0946,0.0162,5.54204e-09,0.0952,0.0481,0.0474996
rs10513789,0.109369,0.0524957,0.0379997,-0.1596,0.0219,3.18493e-13,-0.00054502,0.000352871,0.12,NA,NA,NA,0.1374,0.0646,0.0334003,NA,NA,NA,-0.0073,0.02,0.7135,NA,NA,NA,-0.003,0.0467,0.9484
rs10792832,0.0497421,0.0421833,0.2422,-0.0353,0.0178,0.0466498,9.27954e-05,0.000287469,0.75,0.00116754,0.0372016,0.0560506,-0.051,0.0537,0.3428,NA,NA,NA,0.1297,0.0161,6.53431e-16,0.14,0.0133,9.31966e-26,0.0872,0.039,0.0254203
rs10808026,-0.0353671,0.0508647,0.4898,2e-04,0.0214,0.9924,-0.000151294,0.000340049,0.66,0,0.00729272,0.757399,NA,NA,NA,NA,NA,NA,-0.1393,0.0206,1.4171e-11,-0.1246,0.0169,1.51496e-13,NA,NA,NA
rs10838725,-0.0421012,0.0451982,0.3484,-0.0144,0.0183,0.4322,-3.17708e-05,0.00030267,0.92,NA,NA,NA,0.0919,0.0659,0.1629,-0.109751,0.0761325,0.143743,0.0753,0.0167,6.72899e-06,0.0789,0.0138,1.11599e-08,-0.0022,0.048,0.9642
rs10847864,NA,NA,NA,0.1274,0.0179,9.81296e-13,0.000493841,0.00029061,0.089,NA,NA,NA,0.0404,0.055,0.462,NA,NA,NA,0.0426,0.0232,0.0669098,NA,NA,NA,-0.0352,0.0403,0.3828
rs10948363,-0.0353671,0.0464387,0.438,0.0286,0.0248,0.2484,0.000210858,0.000310822,0.5,NA,NA,NA,0.0561,0.0639,0.3797,-0.105261,0.078451,0.393448,0.0978,0.0177,3.05197e-08,0.0954,0.0145,5.20236e-11,0.05,0.0462,0.2785
rs11218343,NA,NA,NA,NA,NA,NA,NA,NA,NA,NA,NA,NA,0.203,0.1658,0.2207,NA,NA,NA,-0.2697,0.041,4.97622e-11,-0.262,0.0338,9.72747e-15,0.0699,0.1198,0.5598
rs11665849,-0.0704585,0.0436376,0.1102,0.0036,0.0204,0.8606,-8.42694e-06,0.000312286,0.98,NA,NA,NA,0.0325,0.0569,0.5679,0.0592119,0.0789528,0.747023,0.1145,0.0162,1.62517e-12,NA,NA,NA,0.2464,0.041,1.842e-09
rs117310449,NA,NA,NA,0.1341,0.089,0.1319,NA,NA,NA,NA,NA,NA,0.2016,0.2435,0.4077,NA,NA,NA,1.2135,0.0966,3.69488e-36,NA,NA,NA,-0.7931,0.1792,9.56908e-06
rs11771145,-0.0778865,0.0425981,0.0651703,-0.0027,0.0177,0.8773,0.000101805,0.000291318,0.73,NA,NA,NA,0.0039,0.0528,0.9412,NA,NA,NA,-0.1024,0.0167,8.75709e-10,-0.102,0.0137,1.12305e-13,-0.0052,0.0383,0.8926
rs11881756,NA,NA,NA,-0.0229,0.0329,0.4863,5.44118e-05,0.000437464,0.9,NA,NA,NA,NA,NA,NA,NA,NA,NA,-0.1834,0.0289,2.362e-10,NA,NA,NA,NA,NA,NA
rs12590654,NA,NA,NA,-0.0056,0.0209,0.7902,0.00016206,0.000295027,0.58,NA,NA,NA,NA,NA,NA,NA,NA,NA,-0.0965,0.0176,4.09704e-08,NA,NA,NA,NA,NA,NA
rs12934900,-0.0796928,0.0430616,0.0653702,0.1215,0.0184,4.33112e-11,0.000803452,0.000288999,0.00539995,NA,NA,NA,-0.034,0.0541,0.53,0.0229616,0.0749858,0.344378,0.0457,0.0161,0.004622,NA,NA,NA,0.0047,0.0392,0.9044
rs12972156,0.0282966,0.0597996,0.6388,-0.0349,0.0253,0.1675,-0.000184922,0.000394382,0.64,-0.00116754,0.0284544,0.2952,-0.2356,0.0701,0.000779704,NA,NA,NA,1.1399,0.0256,1e-200,NA,NA,NA,-0.772,0.0526,8.75185e-49
rs12977604,-0.0314987,0.040869,0.4434,0.0099,0.0205,0.6308,-0.000111249,0.000288911,0.7,NA,NA,NA,-0.0051,0.0518,0.9216,NA,NA,NA,0.1507,0.0184,2.92012e-16,NA,NA,NA,0.0291,0.0376,0.4391
rs144814361,NA,NA,NA,0.4411,0.068,9.06567e-11,NA,NA,NA,NA,NA,NA,-0.3902,0.3317,0.2395,NA,NA,NA,NA,NA,NA,NA,NA,NA,0.1081,0.2339,0.6441
rs1476679,-0.0188218,0.0443249,0.6772,0.0131,0.0196,0.5042,0.000355624,0.000300612,0.24,NA,NA,NA,0.0486,0.057,0.3939,NA,NA,NA,0.0783,0.0175,7.40202e-06,0.0891,0.0144,5.57596e-10,-5e-04,0.0413,0.9905
rs17125944,-0.0559356,0.0715815,0.4336,-0.0519,0.0404,0.1984,0.000476416,0.000483163,0.32,NA,NA,NA,0.0283,0.0862,0.743,0.263133,0.126008,0.0617575,0.1223,0.0277,1.01e-05,0.1323,0.0229,7.94493e-09,-0.0941,0.0622,0.1299
rs1752684,-0.0871932,0.0524753,0.0967409,0.0264,0.0218,0.2241,-3.40032e-05,0.00036121,0.93,0,0.000509695,0.9806,0.0959,0.0642,0.1349,NA,NA,NA,-0.1541,0.0196,3.65258e-15,-0.1554,0.0161,4.99459e-22,0.0517,0.0468,0.2691
rs190982,NA,NA,NA,0.0145,0.0267,0.5862,-4.27597e-05,0.00028796,0.88,NA,NA,NA,-0.0281,0.0568,0.6202,NA,NA,NA,0.0799,0.017,2.54701e-06,0.0759,0.0137,3.225e-08,0.0084,0.041,0.8374
rs2718058,NA,NA,NA,-0.0505,0.0197,0.0104299,-0.000184169,0.000289097,0.52,NA,NA,NA,NA,NA,NA,NA,NA,NA,-0.0697,0.016,1.31401e-05,-0.0774,0.0132,4.75697e-09,NA,NA,NA
rs2736990,-0.24059,0.0410566,5.68997e-09,NA,NA,NA,-0.000780593,0.000278689,0.0051,NA,NA,NA,NA,NA,NA,NA,NA,NA,0.0148,0.0154,0.3367,NA,NA,NA,NA,NA,NA
rs28834970,NA,NA,NA,0.0192,0.0201,0.3408,-0.000374336,0.000288496,0.19,NA,NA,NA,0.0884,0.0533,0.0972098,NA,NA,NA,0.0959,0.0162,3.27303e-09,0.0996,0.0133,7.37055e-14,0.0224,0.0386,0.5612
rs329647,-0.0962189,0.0430421,0.0241902,-0.1133,0.0178,1.94402e-10,-0.000656137,0.000300404,0.0290001,-0.00116754,0.016065,0.3995,0.0206,0.0665,0.7568,NA,NA,NA,-3e-04,0.0176,0.9852,NA,NA,NA,0.0651,0.0479,0.1742
rs34311866,NA,NA,NA,0.2272,0.0231,7.97444e-23,0.00124116,0.000365229,0.000680002,NA,NA,NA,-0.0895,0.0639,0.1615,NA,NA,NA,0.0085,0.021,0.6853,NA,NA,NA,0.0447,0.0466,0.337
rs35265698,NA,NA,NA,-0.2,0.0303,3.92735e-11,-0.000736015,0.000354296,0.0379997,NA,NA,NA,-0.107,0.0732,0.1437,NA,NA,NA,-0.1237,0.0272,5.49301e-06,-0.1219,0.0211,7.16292e-09,-0.011,0.0534,0.8366
rs35349669,NA,NA,NA,-0.0139,0.0177,0.4316,-3.49686e-05,0.000278088,0.9,NA,NA,NA,0.0901,0.0515,0.08019,NA,NA,NA,0.0663,0.017,9.5801e-05,0.0755,0.0136,3.16898e-08,-0.039,0.0375,0.2992
rs356203,NA,NA,NA,-0.2398,0.0178,3.00677e-41,-0.00122262,0.000288254,2.19999e-05,NA,NA,NA,-0.0514,0.0536,0.3373,NA,NA,NA,0.0365,0.0162,0.0241402,NA,NA,NA,0.0642,0.0393,0.1021
rs35643216,NA,NA,NA,-0.1961,0.0316,5.20703e-10,-0.0026752,0.000369943,4.79954e-13,NA,NA,NA,NA,NA,NA,NA,NA,NA,NA,NA,NA,NA,NA,NA,NA,NA,NA
rs35749011,NA,NA,NA,0.7508,0.0659,5.02227e-30,NA,NA,NA,NA,NA,NA,NA,NA,NA,NA,NA,NA,0.1882,0.0709,0.00797701,NA,NA,NA,NA,NA,NA
rs3784847,0.460584,0.0771043,1.66001e-09,0.0539,0.0443,0.2238,8.11827e-05,0.000558352,0.88,NA,NA,NA,-0.1268,0.1038,0.222,-0.0662466,0.136964,0.61377,-0.0472,0.0311,0.1294,NA,NA,NA,0.0961,0.0758,0.2047
rs4147929,NA,NA,NA,0.0145,0.0221,0.5114,-0.000164343,0.000364771,0.649999,NA,NA,NA,NA,NA,NA,NA,NA,NA,-0.1348,0.0224,1.70098e-09,-0.143,0.0178,1.06292e-15,NA,NA,NA
rs415430,0.292494,0.0539361,4.50101e-08,0.1971,0.0248,2.08689e-15,0.00210746,0.000336975,4e-10,NA,NA,NA,-0.0015,0.0763,0.9839,NA,NA,NA,0.0492,0.0199,0.0134499,NA,NA,NA,0.0795,0.0557,0.1533
rs4488803,NA,NA,NA,-0.1136,0.0199,1.07599e-08,-0.00024671,0.000287765,0.39,NA,NA,NA,NA,NA,NA,NA,NA,NA,0.015,0.0159,0.3447,NA,NA,NA,NA,NA,NA
rs4588066,0.0704585,0.0436635,0.1067,0.1046,0.0178,4.45297e-09,0.000718122,0.000300106,0.017,-0.00116754,0.0528097,0.00621999,0.0152,0.0539,0.778001,NA,NA,NA,0.0106,0.0167,0.5243,NA,NA,NA,-0.0272,0.0389,0.484
rs4613239,NA,NA,NA,0.1784,0.0248,6.21441e-13,0.0011517,0.000430511,0.00749998,NA,NA,NA,-0.257,0.0835,0.00207898,NA,NA,NA,0.0063,0.0246,0.7975,NA,NA,NA,-0.0265,0.0612,0.664599
rs4663105,NA,NA,NA,0.0287,0.0193,0.1365,0.000305688,0.000284778,0.28,NA,NA,NA,-0.0393,0.053,0.457999,NA,NA,NA,0.1837,0.0172,1.00092e-26,0.1965,0.0141,6.94065e-44,0.084,0.0385,0.0290402
rs4698412,0.0712812,0.0413995,0.0846603,0.1258,0.0168,7.04855e-14,-5.124e-05,0.000279138,0.85,NA,NA,NA,NA,NA,NA,NA,NA,NA,-0.0329,0.0156,0.0348097,NA,NA,NA,NA,NA,NA
rs4774417,-0.12897,0.0468921,0.00649397,0.1052,0.0192,4.62605e-08,0.000868452,0.000316386,0.0061,NA,NA,NA,-0.0127,0.0561,0.8205,NA,NA,NA,-0.0016,0.0175,0.9265,NA,NA,NA,0.018,0.0407,0.6585
rs4889730,-0.319792,0.0472096,2.83009e-11,-0.0361,0.0221,0.1019,-0.000285777,0.000289731,0.32,NA,NA,NA,0.0236,0.0516,0.647201,NA,NA,NA,-0.0267,0.0179,0.1348,NA,NA,NA,-0.0855,0.0378,0.0236401
rs58879558,NA,NA,NA,-0.2383,0.025,1.36301e-21,-0.00224315,0.000329638,1e-11,NA,NA,NA,0.0969,0.0972,0.3184,0.0887219,0.088723,0.603104,-0.0474,0.0192,0.01367,NA,NA,NA,0.0918,0.0696,0.1875
rs620490,0.146183,0.0465861,0.00162401,-0.1174,0.019,6.45595e-10,-0.000648086,0.000305846,0.0340001,NA,NA,NA,-0.1312,0.0545,0.0161102,0.0880665,0.0803681,0.543628,0.0014,0.018,0.9399,NA,NA,NA,-0.0394,0.0396,0.3194
rs6656401,0.0760175,0.0518776,0.1441,0.0312,0.0222,0.1601,6.35922e-06,0.000363096,0.99,NA,NA,NA,-0.0895,0.0651,0.1688,0.188138,0.0899782,0.118045,-0.1567,0.0202,7.72681e-15,-0.1667,0.0165,5.69246e-24,-0.0482,0.0476,0.3105
rs6733839,NA,NA,NA,0.0122,0.0218,0.5745,0.000345054,0.000289661,0.23,NA,NA,NA,NA,NA,NA,NA,NA,NA,0.188,0.0176,1.65882e-26,0.1965,0.0141,6.94065e-44,NA,NA,NA
rs6741007,0.026652,0.0413168,0.523,-0.1233,0.0175,2.08689e-12,-0.000611339,0.000285102,0.032,NA,NA,NA,-0.0283,0.0541,0.6018,-0.0506931,0.0721564,0.507119,0.0483,0.0164,0.00315399,NA,NA,NA,-0.0536,0.0392,0.1713
rs704418,NA,NA,NA,-0.004,0.0382,0.9174,-0.000179819,0.000403322,0.66,NA,NA,NA,-0.172,0.0787,0.0288197,NA,NA,NA,0.0385,0.0239,0.1071,NA,NA,NA,0.3104,0.0568,4.76102e-08
rs7274581,NA,NA,NA,0.0093,0.04,0.8166,-0.000150178,0.000499474,0.760001,NA,NA,NA,0.145,0.1498,0.3331,NA,NA,NA,-0.139,0.029,1.62099e-06,-0.1323,0.0237,2.45997e-08,0.0404,0.1053,0.7013
rs72924659,NA,NA,NA,0.0058,0.0196,0.7678,-7.74936e-05,0.0003038,0.8,NA,NA,NA,-0.0623,0.0646,0.3349,NA,NA,NA,-0.1413,0.0196,5.35427e-13,-0.1147,0.0155,1.35207e-13,0.0491,0.0468,0.2941
rs75364577,NA,NA,NA,-0.0174,0.0251,0.489,-0.00025312,0.000385921,0.51,NA,NA,NA,-0.0805,0.0731,0.2708,NA,NA,NA,0.1831,0.0377,1.19201e-06,0.1559,0.0261,2.28202e-09,0.0436,0.0539,0.4184
rs75505347,NA,NA,NA,0.3917,0.0674,6.11702e-09,NA,NA,NA,NA,NA,NA,0.1551,0.2092,0.4586,NA,NA,NA,0.0451,0.0885,0.61,NA,NA,NA,-0.1199,0.1508,0.4265
rs75646569,0.0667236,0.065674,0.3091,0.1916,0.0266,5.61824e-13,0.00164965,0.000478033,0.000560003,0,0.0619761,0.0316898,0.0726,0.0862,0.4,0.192978,0.117414,0.0994123,-0.0456,0.0256,0.0754606,NA,NA,NA,-0.0338,0.0634,0.5935
rs769449,NA,NA,NA,-0.0309,0.028,0.2699,8.3672e-05,0.000419873,0.84,NA,NA,NA,-0.2838,0.0728,9.60993e-05,NA,NA,NA,1.2585,0.0257,1e-200,NA,NA,NA,-1.2121,0.0564,2.6485e-102
rs7695720,0.132275,0.0527249,0.0123299,-0.1255,0.0208,1.52799e-09,-0.000391768,0.000334799,0.24,NA,NA,NA,-0.141,0.0621,0.0231398,-0.00420884,0.0880177,0.167158,0.028,0.019,0.1407,NA,NA,NA,-0.0372,0.0455,0.4133
rs7982,0.0250102,0.0419553,0.5456,0.0514,0.0172,0.00280098,-0.000103998,0.000283108,0.709999,0,0.00262185,0.9191,-0.0483,0.0521,0.3534,NA,NA,NA,0.14,0.0165,2.47685e-17,0.14,0.0135,4.08131e-25,-0.0977,0.0381,0.01034
rs8093731,NA,NA,NA,0.0077,0.0866,0.9292,NA,NA,NA,NA,NA,NA,-0.0649,0.2771,0.8147,NA,NA,NA,-0.6136,0.1123,4.62999e-08,-0.3157,0.0814,0.000105,0.3582,0.2153,0.0961391
rs823106,NA,NA,NA,-0.1492,0.0239,4.09996e-10,-4.91288e-05,0.000423885,0.91,NA,NA,NA,0.0838,0.0728,0.2497,NA,NA,NA,-3e-04,0.0224,0.9891,NA,NA,NA,0.0185,0.0534,0.728501
rs858295,-0.116534,0.0420574,0.00541602,-0.1039,0.0176,3.83098e-09,-0.000533051,0.00028508,0.0619998,NA,NA,NA,0.033,0.053,0.533301,NA,NA,NA,0.023,0.0159,0.1486,NA,NA,NA,0.0241,0.0387,0.5325
rs9271087,NA,NA,NA,-0.0384,0.0218,0.0779292,-0.000532101,0.000310868,0.0870001,0.00116754,0.0292048,0.1699,-0.0048,0.0726,0.9475,NA,NA,NA,-0.1087,0.0193,1.73002e-08,-0.1049,0.0157,2.50323e-11,-0.0885,0.0532,0.0960993
rs9272561,NA,NA,NA,NA,NA,NA,NA,NA,NA,NA,NA,NA,NA,NA,NA,NA,NA,NA,-0.136,0.023,3.37598e-09,NA,NA,NA,NA,NA,NA
rs9331896,NA,NA,NA,0.0431,0.0189,0.0226898,-0.000126066,0.000283336,0.66,NA,NA,NA,NA,NA,NA,NA,NA,NA,0.1457,0.0175,9.62498e-17,0.146,0.0141,2.77077e-25,NA,NA,NA
rs9381563,0.00240288,0.0428874,0.9552,-0.0183,0.0231,0.4291,-0.00023163,0.000290911,0.43,NA,NA,NA,NA,NA,NA,NA,NA,NA,-0.0968,0.0166,5.30005e-09,-0.0879,0.0136,9.0469e-11,NA,NA,NA
rs983392,NA,NA,NA,0.0025,0.0172,0.8865,-9.1821e-05,0.000283532,0.75,NA,NA,NA,0.0336,0.0556,0.545801,NA,NA,NA,-0.1084,0.0163,2.75804e-11,-0.1081,0.0134,6.14328e-16,-0.0818,0.0405,0.04342
